video_id,video_comment,video_comment_final,ratio,rank_vc,rank_vf,cutoff_rank,duration_seconds,view_count,category_id,category_title,topic_categories,default_language,default_audio_language,channel_id,channel_country
TBE7kiWlBhQ,358,132,0.368715,1177,103,1656,543,578158,20,Gaming,Sports_game|Video_game_culture,en,en,UCMvJjqVlkSJ9x8hJwcfw4nQ,US
Tpg9n8tzeu0,3353,768,0.229049,255,17,1656,977,2127102,20,Gaming,Action_game|Strategy_video_game|Video_game_culture,en,en,UC85aYbNSFjsJdxfpxgQr8tA,GB
ahxdAsclzGo,1780,329,0.184831,431,51,1656,60,10064661,24,Entertainment,Entertainment|Film|Television_program,en,en,UCSS7tKTxrtZp35DaoCIe0rQ,AU
OtuyLWn5gCI,2952,510,0.172764,272,32,1656,213,2096138,20,Gaming,Action-adventure_game|Action_game|Role-playing_video_game|Strategy_video_game|Video_game_culture,en,en-US,UC8CX0LD98EDXl4UYX1MDCXg,US
uQPFNRcoVHU,903,138,0.152824,737,100,1656,1484,517687,20,Gaming,Action_game|Role-playing_video_game|Video_game_culture,en,en,UCQH4V9PiY_eLo4Ihr1tWCwQ,CA
VTPV-NZ6eM8,1549,217,0.140090,485,67,1656,5134,360014,24,Entertainment,Video_game_culture,en-US,en-US,UCbCQBD9gKSEnNtIqmKY1R3Q,US
Jm8HPBqQYsE,1519,202,0.132982,494,73,1656,948,539664,28,Science & Technology,,en,en,UCciQ8wFcVoIIMi-lfu8-cjQ,CA
aNrxrgDE0-8,400,52,0.130000,1127,189,1656,136,625232,24,Entertainment,Entertainment|Film|Television_program,en,en,UC1Myj674wRVXB9I4c6Hm5zA,US
n7lM36yFh2Y,7510,937,0.124767,96,14,1656,644,5645045,28,Science & Technology,Technology,en,en,UCBJycsmduvYEL83R_U4JriQ,US
7mq-p98IIhw,682,84,0.123167,865,146,1656,1118,323257,20,Gaming,Action_game|Video_game_culture,en,en,UC-zoo0r7MUN8qD34J8s3Pqw,CA
Lr4FSwSRuNU,983,117,0.119023,692,117,1656,139,1208490,20,Gaming,Action_game|Role-playing_video_game|Strategy_video_game|Video_game_culture,en,en-GB,UCwdh3MTrFq3sXlB4ct8B-Fg,GB
mb9wiZsLlA0,774,88,0.113695,810,139,1656,596,1454831,24,Entertainment,Food|Society,en,en-US,UCGvIBxqin_rx3sY9qacQEhQ,US
24GfgNtnjXc,601,68,0.113145,920,165,1656,1631,8877533,27,Education,Knowledge,en,en,UCHnyfMqiRRG1u-2MsSQLbXA,US
FrcXox0sj2A,726,82,0.112948,837,148,1656,1183,1029934,20,Gaming,Action-adventure_game|Action_game|Role-playing_video_game|Video_game_culture,en,en,UCedicLbmN_7vPUmPXlvKPFg,US
yGrJH95CdIs,606,68,0.112211,914,168,1656,46,183054,25,News & Politics,Military|Politics|Society,en,en-US,UC9AZ9PM8UaMrsto6pCjJ75Q,US
xBjjz8gcexc,1459,161,0.110350,511,87,1656,60,15609224,24,Entertainment,Hobby|Lifestyle_(sociology),en,en,UCb9A6uotqUiuVCvVp4GMqOg,US
DMhbt60bYlI,1076,118,0.109665,655,116,1656,685,203117,20,Gaming,Action-adventure_game|Action_game|Video_game_culture,en-GB,en-GB,UCzH3H8sRfqH3rEVZcpTV2Cw,GB
x_3mVVKZItY,6493,711,0.109503,113,21,1656,123,1519804,24,Entertainment,Video_game_culture,en,en,UCMwJJL5FJFuTRT55ksbQ4GQ,US
SL9zqewyVFM,403,44,0.109181,1120,202,1656,53,3502815,20,Gaming,Action-adventure_game|Action_game|Role-playing_video_game|Strategy_video_game|Video_game_culture,en,en,UC52XYgEExV9VG6Rt-6vnzVA,US
J4aRcs66Nlo,10801,1147,0.106194,64,11,1656,1361,7893142,28,Science & Technology,Technology,en,en-GB,UCMiJRAwDNSNzuYeN2uWa0pA,GB
6jdGh78qLTg,330,35,0.106061,1219,217,1656,667,231817,28,Science & Technology,Hobby|Lifestyle_(sociology)|Technology,en,en,UCz0zSuukBglV2YwG3_7uKRg,US
uLjGazIxjEA,7908,837,0.105842,87,15,1656,1097,2845131,26,Howto & Style,Vehicle,en,en,UC2rzsm1Qi6N1X-wuOg_p0Ng,US
8dwocAz1A7M,1677,171,0.101968,456,82,1656,1484,2166470,20,Gaming,Action_game|Role-playing_video_game|Strategy_video_game|Video_game_culture,en,en,UC9OZkS1Mhl5UvKSiPrYqsxg,US
Q56PMJbCFXQ,13543,1325,0.097837,46,9,1656,2019,21927943,27,Education,Knowledge,en,en,UCHnyfMqiRRG1u-2MsSQLbXA,US
SVepW3f_V-M,2142,200,0.093371,367,74,1656,574,2441416,28,Science & Technology,Hobby|Lifestyle_(sociology)|Technology,en,en,UCJ0-OtVpF0wOKEqT2Z1HEtA,CA
67FVMNGMFXU,4462,416,0.093232,187,38,1656,98,9085266,20,Gaming,Action_game|Role-playing_video_game|Strategy_video_game|Video_game_culture,en,en-US,UCWzmOSSiSPbVnVu3ZAyDx2w,US
zB_OApdxcno,12207,1129,0.092488,52,12,1656,875,5784335,27,Education,Knowledge,en,en,UCHnyfMqiRRG1u-2MsSQLbXA,US
4X-olAF9cjg,572,52,0.090909,945,186,1656,18,15105932,22,People & Blogs,,en-US,en-US,UCqAjB6CCXGvqRyEFgRKsokg,US
PmiI_up0G2Y,1282,116,0.090484,570,118,1656,820,1037714,28,Science & Technology,Society,en-US,en,UCBNHHEoiSF8pcLgqLKVugOw,AU
_8p6YkEPVco,4905,438,0.089297,165,36,1656,151,3620317,24,Entertainment,Entertainment|Film|Television_program,en,en-US,UCWOA1ZGywLbqmigxE4Qlvuw,US
cNYOK-r85B8,1608,143,0.088930,477,98,1656,482,419164,20,Gaming,Action_game|Role-playing_video_game|Video_game_culture,en,en-US,UCIjJUzfVC-EVoqQCdFXXjgw,US
9QQTQuBtxKg,1542,136,0.088197,487,102,1656,107,243092,25,News & Politics,Politics|Society,en,en,UCsefBCbI7P5Xr-edSOpbF4A,US
eWqBTAYa8h4,456,40,0.087719,1058,208,1656,63,209337,20,Gaming,Action-adventure_game|Action_game|Role-playing_video_game|Strategy_video_game|Video_game_culture,en-US,en,UC_ntXHv-XdKCD7CPynVvnQw,US
rhTZTy1rZhw,6567,572,0.087102,112,29,1656,260,16434446,20,Gaming,Action_game|Role-playing_video_game|Video_game_culture,en,en,UC2t5bjwHdUX4vM2g8TRDq5g,US
gLihxsmI_OU,6042,526,0.087057,125,31,1656,102,4425447,24,Entertainment,Action-adventure_game|Video_game_culture,en,en,UCQJWtTnAHhEG5w4uN0udnUQ,US
ad8HISRVxF8,233,20,0.085837,1373,259,1656,1343,50251,24,Entertainment,Entertainment|Film,en,en-GB,UCN67nU54jJap8YLNTbSPBZg,GB
bMq4OtZTigk,3547,304,0.085706,241,53,1656,1185,5511386,20,Gaming,Action-adventure_game|Action_game|Racing_video_game|Video_game_culture,en,en,UCKy1dAqELo0zrOtPkf0eTMw,US
0QqgUdno2v8,17535,1471,0.083889,30,8,1656,55,21455811,25,News & Politics,Lifestyle_(sociology)|Television_program,en,en,UCrlIS7z20CnVaCrMvdkig_g,US
L44aiNl82xY,1992,166,0.083333,391,85,1656,891,2126660,24,Entertainment,Humour,en,en-GB,UCGmnsW623G1r-Chmo5RB4Yw,GB
yZe-TlYxm9g,3664,303,0.082697,229,54,1656,1708,2419249,27,Education,Society,en,en,UCFCTrfb1JUJjs3Im8OZDtBw,US
2E6GreKzm5E,340,28,0.082353,1201,229,1656,844,157103,22,People & Blogs,Lifestyle_(sociology),en,en,UCFNRLTPU9263dTOYgrVcnHw,GB
BE0dihDdvdk,1344,110,0.081845,551,121,1656,1504,1387244,2,Autos & Vehicles,Lifestyle_(sociology)|Vehicle,en,en,UCulu1KUYJ_2OBDouc_d-cUA,GB
w9i9rwg1L_A,4499,364,0.080907,182,44,1656,991,4136856,24,Entertainment,Lifestyle_(sociology),en-GB,en-GB,UCUK0HBIBWgM2c4vsPhkYY4w,US
6hcF0Ilkaxk,2638,212,0.080364,310,70,1656,1343,1029045,2,Autos & Vehicles,Lifestyle_(sociology)|Vehicle,en,en,UC_mmaVYaFmlfdxuKb6U69Yw,US
0qV4mpc8QiA,4523,363,0.080256,180,45,1656,113,2661122,20,Gaming,Action_game|Video_game_culture,en,en,UCKy1dAqELo0zrOtPkf0eTMw,US
7S7XfRajh9Y,1509,120,0.079523,497,113,1656,1271,611047,2,Autos & Vehicles,Lifestyle_(sociology)|Vehicle,en,en,UCZyeHp8vyKZEMbFktTB7ldQ,GB
vAmyOezZF6g,783,61,0.077905,805,174,1656,498,641587,28,Science & Technology,,en,en,UCPgCsQ6Tc4g2TGiGnm0-J_g,US
UAwUfV3BzIo,271,21,0.077491,1302,255,1656,3339,477712,2,Autos & Vehicles,Lifestyle_(sociology)|Tourism,en,en,UCs-vWZu3t2ky3oImX83S_2Q,AU
APrLuGHV8kU,8384,644,0.076813,83,25,1656,36,51712964,17,Sports,Health|Lifestyle_(sociology)|Physical_fitness,en,en,UChKqhM75xMdf7pPH8bOL6Bw,US
jHIJNHOOEvA,1636,125,0.076406,469,110,1656,142,1542867,24,Entertainment,Entertainment|Film,en,en,UCKy1dAqELo0zrOtPkf0eTMw,US
AxUJr0ddQZI,2043,156,0.076358,378,90,1656,1141,690757,24,Entertainment,Video_game_culture,en,en,UC_iUeUzozCHEReJ-shKcCYA,AU
kkTxdnbWcDQ,1902,145,0.076236,408,96,1656,1769,1418607,20,Gaming,Role-playing_video_game|Video_game_culture,en,en,UCSAYHSNaY5_UEol4_frPurg,US
1wqeccW5Yh8,211,16,0.075829,1409,276,1656,769,194039,24,Entertainment,Entertainment|Television_program,en,en,UCDiFRMQWpcp8_KD4vwIVicw,US
FZnACwukAeI,582,44,0.075601,936,201,1656,6452,245480,20,Gaming,Sports_game|Video_game_culture,en,en-GB,UCHgq5wQBvHmiOj3vuw-XdgA,GB
FQN9Ibjh8LA,1916,144,0.075157,407,97,1656,80,216716,25,News & Politics,Politics|Society,en-GB,en-GB,UCPgLNge0xqQHWM5B5EFH9Cg,GB
ysTFwQzKUZM,5054,376,0.074397,161,42,1656,13,43885089,23,Comedy,Lifestyle_(sociology)|Physical_fitness,en,en,UCPHeAtHSXnymNh8b_Kkj2rw,US
pAspb90jDZ4,121,9,0.074380,1631,335,1656,605,304988,17,Sports,Sport,en-GB,en-GB,UCfDfvvMARk4TKcC62ALi6eA,GB
LTjmeJmRZsI,516,38,0.073643,998,214,1656,632,2403598,24,Entertainment,Video_game_culture,en,en,UCjRkTl_HP4zOh3UFaThgRZw,GB
tFu-eSscT10,466,34,0.072961,1050,223,1656,3124,782927,20,Gaming,Action_game|Role-playing_video_game|Video_game_culture,en,en,UC2PeMPA8PAOp-bynLoCeMLA,US
_xD4MjjEWsE,10299,751,0.072920,68,18,1656,842,4385359,24,Entertainment,Food|Lifestyle_(sociology),en,en,UCOgGAfSUy5LvEyVS_LF5kdw,GB
7vVYpONbdO8,1661,121,0.072848,460,112,1656,2273,5749896,20,Gaming,Action-adventure_game|Action_game|Video_game_culture,en,en-GB,UCWrOGTH4hGCSi6lJ2wmAULw,GB
xZxxpnK0LqU,2010,146,0.072637,385,94,1656,528,2153648,20,Gaming,Action-adventure_game|Action_game|Role-playing_video_game|Video_game_culture,en,en,UCsvn_Po0SmunchJYOWpOxMg,US
4OGGPx5jgg0,1109,80,0.072137,636,149,1656,1080,145705,17,Sports,Ice_hockey|Sport,en,en-CA,UCkUjSzthJUlO0uyUpiJfnxg,CA
6fbfrV5qqnU,9338,666,0.071321,74,23,1656,147,3181676,24,Entertainment,Action-adventure_game|Action_game|Video_game_culture,en,en,UCvC4D8onUfXzvjTOM-dBfEA,US
Yj9JqnSmPSM,1218,86,0.070608,589,144,1656,1091,1300101,24,Entertainment,Food|Lifestyle_(sociology),en,en,UC4PooiX37Pld1T8J5SYT-SQ,US
ggM9_BU1VPU,1595,109,0.068339,479,123,1656,1773,627145,22,People & Blogs,Hobby|Lifestyle_(sociology),en,en,UCVe_RrR9AMeY6Z8ixOv5gtw,US
OGG5Q2Vj4Ms,2913,199,0.068314,279,75,1656,17,12947666,24,Entertainment,Food|Hobby|Lifestyle_(sociology),en,en,UC2xBh2nwvOwBqnA1tEbPCZw,US
3ZwI_9d3fJg,1752,118,0.067352,440,115,1656,593,576810,17,Sports,Association_football|Sport,en,en-GB,UCBzDz6beXDfMtfxQdEutD_w,GB
GPB1-DT3b0Q,364,24,0.065934,1173,242,1656,1201,178843,17,Sports,Basketball|Sport|Television_program,en,en,UCORy0Yqzd8bVj2Gb4xyq6HA,US
BZ6mmUijhCE,3407,221,0.064866,253,66,1656,3259,2415475,20,Gaming,Action-adventure_game|Role-playing_video_game|Video_game_culture,en,en-GB,UCR9Gcq0CMm6YgTzsDxAxjOQ,GB
kznYQ1Ed07o,1944,126,0.064815,403,109,1656,175,3178459,17,Sports,Association_football|Sport,en,en-GB,UCNAf1k0yIjyGu3k9BwAg3lg,GB
dr3mFzh0KSk,11198,718,0.064119,59,20,1656,1046,1945069,2,Autos & Vehicles,Lifestyle_(sociology)|Vehicle,en,en-CA,UCX13wwdzipRhH001W3X0WyQ,CA
w465NExPCns,1457,93,0.063830,512,134,1656,1211,1946036,22,People & Blogs,Humour|Lifestyle_(sociology),en,en,UCfp86n--4JvqKbunwSI2lYQ,US
wmJuqv96su8,37211,2348,0.063100,10,2,1656,61,276166526,24,Entertainment,Food|Lifestyle_(sociology),en,en,UC0fvGpDXi7sV2hbgD-O47yw,US
qqrpMRDuPfc,25637,1596,0.062254,20,6,1656,184,45984284,1,Film & Animation,Entertainment|Film,en,en-US,UCjmJDM5pRKbUlVIzDYYWb6g,US
7Ody9AGVuQ8,1736,108,0.062212,443,124,1656,924,1552465,27,Education,Society,en-US,en,UCZ4AMrDcNrfy3X6nsU8-rPg,US
MJBfcMZ_s6I,412,25,0.060680,1113,236,1656,4351,304985,25,News & Politics,Politics|Society,en-GB,en,UC83jt4dlz1Gjl58fzQrrKZg,SG
Htp9Elx6mBo,251,15,0.059761,1340,282,1656,857,847193,17,Sports,Association_football|Sport,en,en-US,UCET00YnetHT7tOpu12v8jxg,US
lKRpSPXI_Sw,220,13,0.059091,1396,299,1656,751,427732,17,Sports,Sport|Tennis,en,en,UCbcxFkd6B9xUU54InHv4Tig,GB
YET2ELa-Pu0,1523,89,0.058437,492,138,1656,57,4416586,25,News & Politics,Society,en,en,UC9k-yiEpRHMNVOnOi_aQK8w,US
QLI0XOFpK0A,7880,459,0.058249,88,35,1656,793,19819550,15,Pets & Animals,Lifestyle_(sociology)|Pet,en,en-US,UCkYVerz4P_kAZNbDdg2SAeg,US
u8lX97IHd_c,2600,151,0.058077,315,91,1656,1127,5153537,24,Entertainment,Hobby|Lifestyle_(sociology),en,en,UCPAk4rqVIwg1NCXh61VJxbg,US
e6bgdpqk5HE,1587,92,0.057971,480,135,1656,5094,1620342,22,People & Blogs,Association_football|Sport,en,en-GB,UCjXIw1GlwaY1IzpW_jN9iCQ,GB
CDVzgBKeb38,417,24,0.057554,1107,240,1656,503,1686554,24,Entertainment,Entertainment|Humour,en,en,UCjRkTl_HP4zOh3UFaThgRZw,GB
5hIqXjAmo6k,891,51,0.057239,745,190,1656,57,770918,19,Travel & Events,,en,en,UCkQef3Fidr7tm3gNuXgGKPw,GB
bHAJX66womo,1198,68,0.056761,596,166,1656,33,557381,25,News & Politics,Politics|Society,en,en,UCrvhNP_lWuPIP6QZzJmM-bw,US
RLQuxi6oTOE,2275,128,0.056264,349,106,1656,852,2570488,17,Sports,American_football|Association_football|Sport,en,en,UCDVYQ4Zhbm3S2dlz7P1GBDg,US
tbhn9qISnZE,6618,365,0.055153,111,43,1656,1319,3168955,2,Autos & Vehicles,Lifestyle_(sociology)|Vehicle,en,en,UC_mmaVYaFmlfdxuKb6U69Yw,US
LIIyCYY2GKQ,949,52,0.054795,709,188,1656,215,488057,23,Comedy,,en,en,UCUOZvgB9Q8AgZjjLYcLWztQ,US
z7Nf2JvN6b4,147,8,0.054422,1559,344,1656,556,690835,17,Sports,Boxing|Mixed_martial_arts|Sport|Television_program,en,en,UCja8sZ2T4ylIqjggA1Zuukg,US
1xRwTViv6b4,791,43,0.054362,801,203,1656,1944,476352,17,Sports,Association_football|Sport,en-GB,en,UCMmVPVb0BwSIOWVeDwlPocQ,GB
ARRUyyQahRw,1086,59,0.054328,647,175,1656,766,1064991,20,Gaming,Action-adventure_game|Action_game|Role-playing_video_game|Strategy_video_game|Video_game_culture,en,en,UCtyygqXwJK5NhAnbqAjh9SQ,GB
FmMmHqDdzdw,1281,69,0.053864,571,163,1656,834,646533,17,Sports,,en,en-US,UCiWLfSweyRNmLpgEHekhoAg,US
EIctJfDxHus,1467,79,0.053851,506,150,1656,85,16490882,26,Howto & Style,Hobby|Lifestyle_(sociology),en,en,UCcVlJCxIqvZowxxzxY2QXEA,US
lbswaj0CX1c,189,10,0.052910,1455,322,1656,177,883288,17,Sports,Association_football|Sport,en,en-GB,UCICNP0mvtr0prFwGUQIABfQ,GB
-d3QrvYlJpo,114,6,0.052632,1656,362,1656,1042,323972,24,Entertainment,Hobby|Lifestyle_(sociology)|Pet,en,en,UCPv8o4UuVhrnxvDbB1zZvDQ,US
PQMzAOaug4U,5307,279,0.052572,154,57,1656,1523,1176535,25,News & Politics,Politics|Society,en,en,UCL9C44BZd_8hRa9OPMjIpMg,US
GOZIUHi_YNQ,15057,786,0.052202,38,16,1656,28,17925798,25,News & Politics,Lifestyle_(sociology),en,en-US,UCtWWry0cgjWi9C0Ye9sh6og,AU
UvGr4GZSduU,425,22,0.051765,1101,247,1656,1475,533501,22,People & Blogs,Lifestyle_(sociology),en,en,UC1zrPxxLTkfQdbwdn6lJQ7w,US
lg7VImVeZCA,2324,119,0.051205,346,114,1656,20,27753638,22,People & Blogs,Food|Lifestyle_(sociology),en,en,UCMyOj6fhvKFMjxUCp3b_3gA,US
BLWlKdVJhmo,684,35,0.051170,864,218,1656,185,1128603,17,Sports,Association_football|Sport,en,en-GB,UCNAf1k0yIjyGu3k9BwAg3lg,GB
FUu9NHlKaxY,608,30,0.049342,912,227,1656,517,977942,17,Sports,Association_football|Sport,en,en,UCTj2CVogkBMbPejYWPh9GmA,GB
Wd3Hlj_Hx1Q,1576,77,0.048858,482,154,1656,1581,539562,20,Gaming,Action-adventure_game|Role-playing_video_game|Video_game_culture,en,en,UCodkNmk9oWRTIYZdr_HuSlg,US
PQXlyKXn8DM,5202,253,0.048635,158,62,1656,859,971619,17,Sports,American_football|Association_football|Sport,en-US,en-US,UCqMtxjKnR7ySbEZSs2N-v0Q,US
80DaR2CVNNk,93805,4538,0.048377,3,1,1656,1617,6882933,25,News & Politics,Politics|Society|Television_program,en,en,UCXIJgqnII2ZOINSWNOGFThA,US
I4r0r9_twIo,1532,73,0.047650,490,158,1656,564,600700,24,Entertainment,Entertainment,en,en,UCPRUgAl_MV9PajsrG_BmT9w,US
E86OMSHHu8c,7122,336,0.047178,99,50,1656,154,5680537,10,Music,Video_game_culture,en,en,UCFYMDSW-BzeYZKFSxROw3Rg,US
Ot6j_qqYQaM,7450,351,0.047114,97,47,1656,92,1666768,20,Gaming,Action-adventure_game|Action_game|Role-playing_video_game|Strategy_video_game|Video_game_culture,en-US,en,UC_ntXHv-XdKCD7CPynVvnQw,US
LPAPMznGwps,1503,70,0.046574,499,161,1656,1778,486971,22,People & Blogs,Lifestyle_(sociology)|Vehicle,en,en,UCpOfSDvKN_4gG5W_Zibecmg,CA
UQQhP4w6VMA,2760,127,0.046014,295,108,1656,42,1137684,10,Music,Action-adventure_game|Action_game|Video_game_culture,en,en,UCfIXdjDQH9Fau7y99_Orpjw,GB
KfOAmFQOMsM,946,43,0.045455,711,204,1656,6611,1054933,17,Sports,Mixed_martial_arts|Sport,en,en,UCvgfXK4nTYKudb0rFR6noLA,US
bnD6bf0K350,4578,208,0.045435,178,72,1656,3407,4443853,23,Comedy,Food|Lifestyle_(sociology)|Television_program,en,en,UCpi8TJfiA4lKGkaXs__YdBA,US
rddqcI2OjDo,340,15,0.044118,1202,288,1656,1421,530546,20,Gaming,Video_game_culture,en,en,UCKqH_9mk1waLgBiL2vT5b9g,US
PLUhJmqHd1s,30237,1306,0.043192,16,10,1656,820,75876664,24,Entertainment,Action-adventure_game|Action_game|Role-playing_video_game|Video_game_culture,en,en,UCsSsgPaZ2GSmO6il8Cb5iGA,US
01hZ55-HcB0,423,18,0.042553,1103,266,1656,1004,568211,17,Sports,American_football|Association_football|Sport,en,en,UC74FJzKnTnnARI9T5WVVGmg,US
oejCcB8BOM8,1310,55,0.041985,559,185,1656,60,63865539,23,Comedy,Entertainment,en,en-US,UCSgue5Dm418CCUCZ-aeUtEA,US
HU4O9HOfZYc,2637,110,0.041714,311,122,1656,60,29092888,20,Gaming,Action-adventure_game|Action_game|Strategy_video_game|Video_game_culture,en,en,UCw1SQ6QRRtfAhrN_cjkrOgA,AU
Y-W0sb3risg,192,8,0.041667,1451,340,1656,135,1145099,17,Sports,Association_football|Sport,en,en,UCCNOsmurvpEit9paBOzWtUg,GB
c-sT7H1BkEs,459,19,0.041394,1054,264,1656,2045,893648,22,People & Blogs,Lifestyle_(sociology),en-GB,en-GB,UCrUbqTCagwsaP2Fmr0p1TsA,GB
aoUFwg6VVAk,946,39,0.041226,712,211,1656,1442,1630677,24,Entertainment,Action-adventure_game|Role-playing_video_game|Video_game_culture,en,en-US,UC0eLBYhxW9HC0P9PXQ73mpQ,US
Z6zTN8cRKag,1141,47,0.041192,618,199,1656,554,632804,17,Sports,Basketball|Sport,en-US,en,UCxcTeAKWJca6XyJ37_ZoKIQ,US
PVaqWhJJ38I,963,39,0.040498,700,210,1656,31,91679631,24,Entertainment,Entertainment,en,en,UCXg4rJUbDP1IP3TmZ9KDpJg,US
0GRQIP2K_eo,346,14,0.040462,1193,291,1656,4016,206925,17,Sports,Association_football|Sport,en-GB,en,UCMmVPVb0BwSIOWVeDwlPocQ,GB
A4gFBpURj1Y,3746,149,0.039776,224,92,1656,953,863454,20,Gaming,Action-adventure_game|Action_game|Role-playing_video_game|Video_game_culture,en,en,UC7WDD6yHgzdqijHluCi1z-Q,US
f3WFSL36oZo,40185,1597,0.039741,9,5,1656,2461,18201143,20,Gaming,Action-adventure_game|Action_game|Role-playing_video_game|Video_game_culture,en,en-US,UCiYcA0gJzg855iSKMrX3oHg,US
XUP23K1I8Xk,4375,172,0.039314,192,81,1656,1424,8237084,20,Gaming,Action-adventure_game|Action_game|Role-playing_video_game|Strategy_video_game|Video_game_culture,en,en,UCw1SQ6QRRtfAhrN_cjkrOgA,AU
NrfmSeGah1Y,4965,195,0.039275,164,77,1656,17,32820258,22,People & Blogs,Entertainment|Film|Humour,en,en,UCz5osAvTYFKjb6Kjcep6vXA,US
rahZ_CeEpqI,536,21,0.039179,979,256,1656,42900,2211507,25,News & Politics,Politics|Society,en,en,UC52X5wxOL_s5yw0dQk7NtgA,US
1ihstsssXqQ,2466,96,0.038929,329,130,1656,966,7607161,22,People & Blogs,Food|Lifestyle_(sociology),en,en,UCQG_fzADCunBTV1KwjkfAQQ,US
3DsjjQw_lmk,982,38,0.038697,694,212,1656,211,618037,10,Music,Hip_hop_music|Music|Pop_music,en,en,UC2SfCLE_jQgPwXQCWqwVIEw,US
GGNHP1-yv4Q,534,20,0.037453,981,258,1656,623,1566075,17,Sports,Association_football|Sport,en-GB,en-GB,UCkzCjdRMrW2vXLx8mvPVLdQ,GB
fOAIrUZbOwo,14596,534,0.036585,43,30,1656,1339,26668539,10,Music,Independent_music|Music|Pop_music,en,en-US,UC4eYXhJI4-7wSWc8UNRwD4A,US
q2LJBOwC36w,3884,142,0.036560,218,99,1656,191,1913825,17,Sports,Boxing|Sport,en,en,UCurvRE5fGcdUgCYWgh-BDsg,US
0bOPB2A6mZ8,391,14,0.035806,1132,292,1656,1227,330510,23,Comedy,Association_football|Sport,en,en,UCr4Z17aTqJ5khqkIWxR2OWQ,GB
35cb4xHp7Mg,2409,86,0.035699,336,140,1656,18035,4582713,20,Gaming,Association_football|Lifestyle_(sociology),en,en,UCWsDFcIhY2DBi3GB5uykGXA,US
iIVCC5cXa-c,1371,48,0.035011,535,195,1656,624,957689,17,Sports,Ice_hockey|Sport,en,en,UCVhibwHk4WKw4leUt6JfRLg,CA
AK3zEGUItJo,2088,73,0.034962,370,157,1656,36,50524511,24,Entertainment,,en,en,UC26FEMwAAjj8jfNbuVdFMBQ,US
r6SjNFKQUxM,2683,92,0.034290,305,136,1656,1282,2188142,23,Comedy,Entertainment,en,en-US,UCXMwCQVey4PhdWFJ6WhAVhA,US
OG3YQ-UL1W4,3628,123,0.033903,235,111,1656,7744,3819276,24,Entertainment,Entertainment|Film,en,en,UC0Eja18I3-Ej9CdemB5RIlg,CA
lbcXCZ_x0lc,746,25,0.033512,825,238,1656,11,40905038,15,Pets & Animals,,en,en,UCyfZleh4w7buTzi0WfY8WqA,ZA
DH67Gp1DVXI,2332,78,0.033448,344,152,1656,44,2820615,25,News & Politics,Politics|Society,en,en,UCG_Qif8SJIS3XxU8iqHoInw,US
IerkherNYyI,7723,256,0.033148,92,61,1656,921,8224218,24,Entertainment,Lifestyle_(sociology),en,en,UC70Dib4MvFfT1tU6MqeyHpQ,US
yCKo0pk-elg,335,11,0.032836,1213,314,1656,788,479095,20,Gaming,Sports_game|Video_game_culture,en,en-GB,UC8QylkZmeGTi5Y2VR5bf7VA,GB
3QrCFlq5AaQ,12267,402,0.032771,51,41,1656,560,10323772,15,Pets & Animals,Lifestyle_(sociology)|Pet,en,en,UCkXVK-XrnwznaqYx0aKGAtg,US
vgD7eIMQ9N0,3999,131,0.032758,215,105,1656,11,116795063,24,Entertainment,Lifestyle_(sociology),en,en,UCQZi2YXSxc6BSK4mZHql8ag,US
fImsvWV-rko,1684,55,0.032660,454,184,1656,1540,936958,17,Sports,Boxing|Entertainment,en,en,UCFPoJNd0d4k1H9A6UOlikcg,US
d39MxOMCsOA,676,22,0.032544,867,249,1656,2302,1241427,20,Gaming,Action_game|Role-playing_video_game|Simulation_video_game|Video_game_culture,en,en,UCKqH_9mk1waLgBiL2vT5b9g,US
lcEB7z4_F50,446,14,0.031390,1071,295,1656,455,287536,17,Sports,Boxing|Sport,en-GB,en,UCSfGGb9XvOHD9u7m_hZ0ybg,AU
t-6SW2jmvYY,5058,158,0.031238,160,89,1656,209,1896724,1,Film & Animation,,en,en-US,UC4G10tk3AHFuyMIuD3rHOBA,US
XdGXx1W3A8E,4337,132,0.030436,195,104,1656,55,2996618,24,Entertainment,Society|Television_program,en,en-US,UCeH6qE4V7n5tVwP7NkdrtJg,US
aaQLgU1cQis,4800,145,0.030208,166,95,1656,45,10760781,24,Entertainment,Food|Lifestyle_(sociology)|Pet,en,en,UCTyC11PsbR-CMXSG9M1na1g,US
iB6Y5TL4QH8,2793,83,0.029717,293,147,1656,1384,4948848,23,Comedy,Entertainment|Film,en,en,UCUocOQtoaHPuT0K8lME559A,NG
HXNbegvRNvg,12078,354,0.029309,54,46,1656,1288,22665206,22,People & Blogs,Lifestyle_(sociology),en,en,UCja7QUMRG9AD8X2F_vXFb9A,US
mnOI9sU8yAI,1707,49,0.028705,448,193,1656,903,4113821,24,Entertainment,,en,en-CA,UCTW7ZtzpoTG7F4a3dAmEMig,US
IPoX9QcIBcI,11247,320,0.028452,58,52,1656,1393,96033280,24,Entertainment,Hobby|Lifestyle_(sociology),en,en,UCwVg9btOceLQuNCdoQk9CXg,US
s5tIaLEBIsE,141,4,0.028369,1575,424,1656,464,93504,17,Sports,Association_football|Sport,en,en,UCBVrn_SGKAOv3yKPi4Oc3-A,AU
_oxjr265r78,1994,55,0.027583,390,183,1656,366,1991543,22,People & Blogs,Entertainment|Film|Humour|Television_program,en,en,UCmSQ47G2NHhcjRAm9Px6R3g,US
rOBF7omfM4U,729,20,0.027435,835,260,1656,77,1154956,24,Entertainment,Entertainment|Performing_arts|Pop_music|Television_program,en,en,UCLOIoa2aEGcM-z1hJx4vy4w,US
u4VwzWu4P8I,2821,75,0.026586,287,155,1656,290,2682552,10,Music,Independent_music|Music|Pop_music,en,en,UChpKl3waLmccNeYH9LGYjUQ,US
pnLuvMnxVKw,605,16,0.026446,918,279,1656,1531,344086,17,Sports,Golf|Sport,en,en,UCsZsn_S93Zs8JOdKMRbklmg,US
gHRP5-vC4XQ,2263,59,0.026072,352,176,1656,766,573838,23,Comedy,Entertainment|Film,en,en,UCG6orNVuXIICv9_ifH6msIA,NG
gJd7IMYqCYE,311,8,0.025723,1254,342,1656,34,775239,20,Gaming,Action-adventure_game|Action_game|Video_game_culture,en,en-US,UCQ-xcZY4J45Z9vCZ_A3LGCw,US
eiIn59uhF0I,934,24,0.025696,720,244,1656,2110,208108,24,Entertainment,Society,en-GB,en-GB,UCMD-JmezXoQiV9PiWLwVpGQ,KE
UvzswQlJjLo,1995,51,0.025564,388,191,1656,23,42062383,24,Entertainment,Entertainment|Film,en-GB,en-GB,UCAQOf_uPOJ6rXO_k9RwfK3A,SG
sLKTpA8jJ2A,432,11,0.025463,1094,312,1656,49,44148422,24,Entertainment,Lifestyle_(sociology),en,en,UCb9A6uotqUiuVCvVp4GMqOg,US
hlkSCX2YGFI,881,22,0.024972,749,250,1656,280,1004144,24,Entertainment,Christian_music|Country_music|Entertainment|Pop_music|Television_program,en,en,UCAMPco9PqjBbI_MLsDOO4Jw,US
-hz6dDUQlPk,1877,45,0.023974,413,200,1656,114,2935935,10,Music,Electronic_music|Hip_hop_music|Music|Pop_music|Reggae,en,en,UCHGF6zfD2gwLuke95X3CKFQ,NG
sjav4O3v7g4,669,16,0.023916,870,280,1656,40,974402,23,Comedy,Entertainment|Film|Humour,en,en,UCQmZ9BIYOBSkxL-eqqg5z-g,NG
Eg9_Q1FHFuc,129,3,0.023256,1606,434,1656,1481,59490,24,Entertainment,Hip_hop_music|Music,en,en,UCcvZrECWjP0Mj5Y_U9jxlGQ,GH
7_I-bSwBtL4,1301,29,0.022291,563,228,1656,466,785834,24,Entertainment,Christian_music|Music,en-US,en-US,UC2VYYVfKtZvtbsNX_BcawKw,US
p6E2fq50aLA,4486,99,0.022069,183,127,1656,44,9085701,26,Howto & Style,Lifestyle_(sociology)|Pet,en,en-GB,UCj3eT48w7oJU0sGbxkX0FfQ,GB
pzmoP8ehZiM,881,19,0.021566,750,265,1656,158,1437653,24,Entertainment,Country_music|Music|Pop_music|Rock_music|Television_program,en,en,UCAMPco9PqjBbI_MLsDOO4Jw,US
IzN5bjH4uIc,4056,86,0.021203,212,141,1656,34,14900761,23,Comedy,Entertainment|Film,en,en,UCzY_sIOOHeCobumpqJrjdig,US
L5ihmu87xTE,10950,231,0.021096,62,64,1656,61,604755462,24,Entertainment,Lifestyle_(sociology),en,en,UCX6OQ3DkcsbYNE6H8uQQuVA,US
7kLHgnuYx-g,525,11,0.020952,990,307,1656,784,537379,25,News & Politics,Music|Television_program,en-GB,en,UChBQgieUidXV1CmDxSdRm3g,KE
7Zm-4gbwIx8,347,7,0.020173,1191,346,1656,1766,165865,25,News & Politics,Politics|Society,en,en-GB,UCBzu4YqGiBxBD8pq8NiBuKw,NG
SRXH9AbT280,89451,1757,0.019642,4,4,1656,201,179482335,10,Music,Music|Rock_music,en,en,UCZU9T1ceaOgwfLRq7OKFU4Q,US
rGsORDAvq0Q,3531,67,0.018975,245,169,1656,36,46539358,24,Entertainment,Entertainment,en-GB,en-GB,UCAQOf_uPOJ6rXO_k9RwfK3A,SG
TsU5Zk-yvq8,6864,128,0.018648,104,107,1656,54,21108948,24,Entertainment,Entertainment,en,en,UC2xBh2nwvOwBqnA1tEbPCZw,US
DTK7bzl5-qg,594,11,0.018519,922,308,1656,247,199482,24,Entertainment,Electronic_music|Music|Pop_music|Rock_music,en,en-GB,UCOdyQtpWNtNZEDC9mYVvzTQ,GB
0-ttgS7ijGc,1097,20,0.018232,642,257,1656,15,44823186,24,Entertainment,Electronic_music|Entertainment,en,en,UCsiMxHAf0sS4VzwOy9P0lvA,US
8KuiHztCXE0,277,5,0.018051,1294,385,1656,35,9173337,20,Gaming,Video_game_culture,en,en,UCQg1uNkhwLKTx6w5CB-hudQ,US
kAaKFvwRoWc,554,10,0.018051,963,320,1656,964,3361014,24,Entertainment,Cricket|Sport|Television_program,en,en,UC4zWG9LccdWGUlF77LZ8toA,US
y0PjXiB4y2E,10136,171,0.016871,70,83,1656,210,901407,10,Music,Health,en,en-US,UCJquYOG5EL82sKTfH9aMA9Q,US
xTOcfLo7dZI,939,15,0.015974,716,290,1656,10,1885108,17,Sports,Boxing|Sport,en,en,UCVIoIHQIuIL5_ec2W3C9BAw,GB
YSrvugKwffU,386,6,0.015544,1139,378,1656,30,29560205,20,Gaming,Action-adventure_game|Action_game|Role-playing_video_game|Video_game_culture,en,en,UC-Diq5SjWZDol8C0_E_1Y7A,US
OJ8iIxSxvAk,401,6,0.014963,1123,373,1656,55,11686021,26,Howto & Style,Lifestyle_(sociology),en,en,UCLSxMI0kTC89zy7O9ZyVIfg,US
w3m0Rg6m9G0,1146,17,0.014834,616,274,1656,1069,1621895,20,Gaming,Role-playing_video_game|Video_game_culture,en,en-US,UCzzF1kdBgwv5RB6rbB6kVSA,US
SeXf8x4kzMQ,15288,215,0.014063,36,69,1656,47,31887277,25,News & Politics,Lifestyle_(sociology)|Pet|Television_program,en,en,UCrlIS7z20CnVaCrMvdkig_g,US
tjkePewV0kU,1254,17,0.013557,579,273,1656,130,521350,10,Music,Hip_hop_music|Music|Pop_music,en,en,UCiyBejwcGoF2ExVesE5riQA,ZA
C6AiozS6j7U,1348,18,0.013353,548,269,1656,42899,2823019,20,Gaming,Action_game|Role-playing_video_game|Video_game_culture,en,en-US,UCWsDFcIhY2DBi3GB5uykGXA,US
YAaiEq9wUsM,1951,26,0.013326,402,235,1656,149,935108,10,Music,Hip_hop_music|Music|Pop_music,en,en,UC01ompoZ0RMCuWP2ZODqzbg,ZA
PVqV3cSIWnU,13012,168,0.012911,48,84,1656,619,1313998,24,Entertainment,Action-adventure_game|Action_game|Role-playing_video_game|Video_game_culture,en,en,UCRaehQPWXnJ72WmE8nvvKKw,US
pJcgR3JPBt0,244,3,0.012295,1357,457,1656,19,24277971,24,Entertainment,Entertainment|Film,en,en,UCl2q6-OZIKZFxRi8fyVnL0g,US
smCSSWDrzrM,729,7,0.009602,836,357,1656,56,127793475,26,Howto & Style,Entertainment,en,en,UC-rEceauspq904ppO9DXsyA,US
kYzeeNTun1w,673,6,0.008915,869,383,1656,1441,112542,24,Entertainment,,en,en-GB,UCC7Zg7mHkWgmwGQJuk30QKQ,GH
Dz4VkHA3AJ8,705,6,0.008511,854,367,1656,24,37962619,22,People & Blogs,Hobby|Lifestyle_(sociology),en,en,UCxN5YtNlPzfMNvJHgWImTUg,US
6z-_fHzkPo8,118,1,0.008475,1643,580,1656,24,15302364,22,People & Blogs,Lifestyle_(sociology),en,en,UCxGHa_vdppJNVLmQShNVnrA,US
qPUY4G4oZb4,252,2,0.007937,1335,541,1656,313,1026331,10,Music,Music|Pop_music,en,en,UCts94S_iy-7hDbZPVY2s7Zg,GB
hmKJnFCI9A0,1259,9,0.007149,577,333,1656,245,161775,10,Music,Hip_hop_music|Music|Reggae,en,en,UCDgr9hWinTp9vdonZtjc5NA,US
2jpRvazux-g,1841,11,0.005975,422,306,1656,203,8596455,10,Music,Hip_hop_music|Music|Pop_music|Reggae,en,en,UCf7WOF7QcF5dWpUUU225JgQ,US
YSKmUslvJi4,941,5,0.005313,714,394,1656,175,937126,24,Entertainment,Electronic_music|Hip_hop_music|Music|Pop_music,en,en,UC2sXSYDzjqW0-eX5e5wrZhQ,CA
UZPeGPbqFTA,379,2,0.005277,1151,513,1656,49,482163,17,Sports,Baseball|Sport,en,en,UCpXMHgjrpnynDSV5mXpqImw,US
bZOc9-91NWs,626,3,0.004792,900,445,1656,14,30077301,24,Entertainment,Lifestyle_(sociology),en,en,UC20Q2pjKWYDSpvhACY6EQQw,US
jjDEccGJmL0,709,3,0.004231,851,451,1656,663,614083,22,People & Blogs,Lifestyle_(sociology),en,en,UCGpTVLn8eqAMXoxNh82kK5A,US
D6VhB4Wj3lA,252,1,0.003968,1334,604,1656,35,12630877,22,People & Blogs,Entertainment,en,en,UCqOwcxgDCjnHNgMt9A3Ua8w,US
oJ2py0c_uBU,1050,4,0.003810,664,421,1656,144,3663801,10,Music,Hip_hop_music|Music|Reggae,en,en,UCXSHOjS30YMaGRgwuuxBfLw,JM
_8QO-oR9NOw,1722,6,0.003484,446,379,1656,28,1934292,25,News & Politics,,en,en-US,UCe7cIhm4_RWsThRzBCXtmOQ,US
DVbKmQ7Hmlk,103345,268,0.002593,2,59,1656,222,16342715,10,Music,Country_music|Hip_hop_music|Music|Pop_music,en,en,UCvvVOIyaYu2l4jiH9L8_eRw,US
dOA99aQs58k,4437,10,0.002254,188,316,1656,20,11584021,22,People & Blogs,Hobby|Lifestyle_(sociology),en,en,UCqOwcxgDCjnHNgMt9A3Ua8w,US
22PZP1dedPE,20003,34,0.001700,27,222,1656,26,164488568,24,Entertainment,Entertainment,en,en,UC5gxP-2QqIh_09djvlm9Xcg,US
25FcPPToyRE,860,1,0.001163,761,562,1656,1318,2283230,24,Entertainment,Entertainment|Film|Television_program,en,en-US,UCKL5hAuzgFQsyrsQKgU0Qng,PH
RwzFUTeOGQU,902,1,0.001109,738,658,1656,5469,160675,29,Nonprofits & Activism,Religion,en,en,UC0pFEFO86OwhVUcqAQ4ICjQ,NG
-a_vVFM0Bgk,160,0,0.000000,1524,794,1656,47,24728657,22,People & Blogs,Entertainment|Humour,en,en,UCLWvIB80ANqrEJhzYzfkgGA,US
8aR2Ct-0y8M,123,0,0.000000,1624,989,1656,20,15172047,22,People & Blogs,Lifestyle_(sociology),en,en,UCMUxB3gYchkaOyaCCMHKKFg,US
EG4xBFsoiMY,148,0,0.000000,1554,1116,1656,56,27989681,24,Entertainment,Entertainment|Film,en,en,UCWm5B-qsRWFMTSHTF93eNSw,US
UdKqbRBEyg0,133,0,0.000000,1597,1447,1656,868,67661,23,Comedy,,en,en,UCjL58cASlOCmgEHHdpk2W5A,JM
